project_id,date,equipment,hours_used,hourly_cost_estimated,cost_estimated,maintenance_flag,is_synthetic,source
P.S. 206 - BROOKLYN,2024-03-03,excavator,23.25,138.53,3220.82,False,True,synthetic_generator_v1
P.S. 206 - BROOKLYN,2024-07-01,crane,15.22,533.06,8113.17,False,True,synthetic_generator_v1
P.S. 206 - BROOKLYN,2024-07-06,dump_truck,3.41,106.03,361.56,False,True,synthetic_generator_v1
P.S. 206 - BROOKLYN,2024-12-23,dump_truck,17.73,104.7,1856.33,False,True,synthetic_generator_v1
P.S. 206 - BROOKLYN,2024-07-29,dump_truck,3.28,127.99,419.81,False,True,synthetic_generator_v1
P.S. 206 - BROOKLYN,2024-09-23,crane,6.78,491.48,3332.23,False,True,synthetic_generator_v1
P.S. 206 - BROOKLYN,2024-03-03,bulldozer,4.29,106.8,458.17,False,True,synthetic_generator_v1
P.S. 206 - BROOKLYN,2024-08-13,loader,8.41,164.62,1384.45,True,True,synthetic_generator_v1
P.S. 206 - BROOKLYN,2024-01-18,bulldozer,5.12,168.52,862.82,False,True,synthetic_generator_v1
P.S. 206 - BROOKLYN,2024-05-22,dump_truck,14.26,97.88,1395.77,True,True,synthetic_generator_v1
P.S. 206 - BROOKLYN,2024-07-14,loader,1.15,123.31,141.81,False,True,synthetic_generator_v1
P.S. 206 - BROOKLYN,2024-09-29,excavator,8.47,179.44,1519.86,True,True,synthetic_generator_v1
P.S. 206 - BROOKLYN,2024-06-27,excavator,17.82,150.26,2677.63,False,True,synthetic_generator_v1
P.S. 329 - BROOKLYN,2024-07-04,crane,2.71,536.75,1454.59,False,True,synthetic_generator_v1
P.S. 329 - BROOKLYN,2024-02-29,crane,13.43,522.98,7023.62,False,True,synthetic_generator_v1
P.S. 329 - BROOKLYN,2024-10-13,dump_truck,13.31,80.36,1069.59,False,True,synthetic_generator_v1
P.S. 329 - BROOKLYN,2024-09-04,dump_truck,8.23,89.1,733.29,False,True,synthetic_generator_v1
P.S. 329 - BROOKLYN,2024-03-05,dump_truck,20.45,89.96,1839.68,False,True,synthetic_generator_v1
P.S. 329 - BROOKLYN,2024-12-11,dump_truck,1.0,121.36,121.36,False,True,synthetic_generator_v1
P.S. 329 - BROOKLYN,2024-03-01,excavator,3.92,156.77,614.54,False,True,synthetic_generator_v1
P.S. 329 - BROOKLYN,2024-03-16,dump_truck,11.01,87.29,961.06,False,True,synthetic_generator_v1
P.S. 329 - BROOKLYN,2024-08-20,excavator,7.1,135.01,958.57,False,True,synthetic_generator_v1
P.S. 329 - BROOKLYN,2024-10-10,loader,6.31,98.45,621.22,False,True,synthetic_generator_v1
P.S. 329 - BROOKLYN,2024-12-19,crane,2.35,696.98,1637.9,False,True,synthetic_generator_v1
P.S. 329 - BROOKLYN,2024-09-28,loader,12.67,124.97,1583.37,False,True,synthetic_generator_v1
P.S. 329 - BROOKLYN,2024-12-30,bulldozer,2.26,113.28,256.01,False,True,synthetic_generator_v1
P.S. 28 - QUEENS,2024-05-29,loader,5.76,139.04,800.87,False,True,synthetic_generator_v1
P.S. 28 - QUEENS,2024-05-31,excavator,7.19,139.7,1004.44,False,True,synthetic_generator_v1
P.S. 28 - QUEENS,2024-05-27,loader,13.47,143.69,1935.5,False,True,synthetic_generator_v1
P.S. 28 - QUEENS,2024-08-25,bulldozer,5.14,155.53,799.42,False,True,synthetic_generator_v1
P.S. 28 - QUEENS,2024-07-22,crane,7.86,641.42,5041.56,False,True,synthetic_generator_v1
P.S. 28 - QUEENS,2024-07-29,crane,3.6,408.69,1471.28,False,True,synthetic_generator_v1
P.S. 28 - QUEENS,2024-04-20,loader,19.26,114.84,2211.82,False,True,synthetic_generator_v1
P.S. 28 - QUEENS,2024-07-19,loader,11.63,126.61,1472.47,False,True,synthetic_generator_v1
P.S. 28 - QUEENS,2024-01-28,bulldozer,0.9,153.63,138.27,True,True,synthetic_generator_v1
P.S. 28 - QUEENS,2024-08-17,loader,7.01,111.93,784.63,False,True,synthetic_generator_v1
P.S. 28 - QUEENS,2024-10-01,crane,7.21,690.48,4978.36,False,True,synthetic_generator_v1
P.S. 28 - QUEENS,2024-03-07,dump_truck,2.7,106.77,288.28,False,True,synthetic_generator_v1
P.S. 28 - QUEENS,2024-01-11,loader,17.04,161.68,2755.03,False,True,synthetic_generator_v1
P.S. 87 - MANHATTAN,2024-11-28,crane,4.94,442.46,2185.75,False,True,synthetic_generator_v1
P.S. 87 - MANHATTAN,2024-04-14,dump_truck,13.86,110.46,1530.98,False,True,synthetic_generator_v1
P.S. 87 - MANHATTAN,2024-04-17,bulldozer,4.21,176.31,742.27,False,True,synthetic_generator_v1
P.S. 87 - MANHATTAN,2024-03-10,crane,9.37,402.95,3775.64,False,True,synthetic_generator_v1
P.S. 87 - MANHATTAN,2024-03-17,loader,4.2,100.83,423.49,False,True,synthetic_generator_v1
P.S. 87 - MANHATTAN,2024-06-08,crane,7.61,537.58,4090.98,False,True,synthetic_generator_v1
P.S. 87 - MANHATTAN,2024-11-15,loader,9.87,138.8,1369.96,False,True,synthetic_generator_v1
P.S. 87 - MANHATTAN,2024-11-21,dump_truck,11.97,76.81,919.42,False,True,synthetic_generator_v1
P.S. 87 - MANHATTAN,2024-05-25,loader,1.58,138.08,218.17,False,True,synthetic_generator_v1
P.S. 87 - MANHATTAN,2024-11-15,loader,15.9,142.2,2260.98,False,True,synthetic_generator_v1
P.S. 87 - MANHATTAN,2024-10-30,crane,2.38,430.89,1025.52,False,True,synthetic_generator_v1
P.S. 87 - MANHATTAN,2024-04-01,bulldozer,2.66,144.74,385.01,False,True,synthetic_generator_v1
P.S. 87 - MANHATTAN,2024-07-15,bulldozer,4.88,148.9,726.63,False,True,synthetic_generator_v1
P.S. 2 - QUEENS,2024-04-21,bulldozer,10.38,177.57,1843.18,False,True,synthetic_generator_v1
P.S. 2 - QUEENS,2024-12-14,crane,10.54,624.22,6579.28,False,True,synthetic_generator_v1
P.S. 2 - QUEENS,2024-06-07,excavator,1.72,145.11,249.59,False,True,synthetic_generator_v1
P.S. 2 - QUEENS,2024-07-30,crane,11.03,650.58,7175.9,False,True,synthetic_generator_v1
P.S. 2 - QUEENS,2024-04-12,crane,12.65,531.88,6728.28,False,True,synthetic_generator_v1
P.S. 2 - QUEENS,2024-06-30,dump_truck,5.7,96.73,551.36,False,True,synthetic_generator_v1
P.S. 2 - QUEENS,2024-09-24,loader,12.34,108.27,1336.05,False,True,synthetic_generator_v1
P.S. 2 - QUEENS,2024-10-26,loader,5.2,107.21,557.49,False,True,synthetic_generator_v1
P.S. 2 - QUEENS,2024-12-25,loader,2.85,153.33,436.99,False,True,synthetic_generator_v1
P.S. 2 - QUEENS,2024-12-24,dump_truck,18.48,107.44,1985.49,False,True,synthetic_generator_v1
P.S. 2 - QUEENS,2024-05-17,excavator,1.02,139.64,142.43,False,True,synthetic_generator_v1
P.S. 2 - QUEENS,2024-02-29,dump_truck,6.04,113.52,685.66,False,True,synthetic_generator_v1
P.S. 2 - QUEENS,2024-03-12,loader,1.1,123.21,135.53,False,True,synthetic_generator_v1
P.S. 52 - STATEN ISLAND,2024-07-15,excavator,9.74,133.53,1300.58,False,True,synthetic_generator_v1
P.S. 52 - STATEN ISLAND,2024-12-28,dump_truck,6.03,111.03,669.51,False,True,synthetic_generator_v1
P.S. 52 - STATEN ISLAND,2024-08-10,excavator,16.11,161.83,2607.08,True,True,synthetic_generator_v1
P.S. 52 - STATEN ISLAND,2024-09-07,loader,5.76,145.42,837.62,False,True,synthetic_generator_v1
P.S. 52 - STATEN ISLAND,2024-06-21,bulldozer,18.94,163.81,3102.56,True,True,synthetic_generator_v1
P.S. 52 - STATEN ISLAND,2024-05-16,crane,4.27,534.03,2280.31,False,True,synthetic_generator_v1
P.S. 52 - STATEN ISLAND,2024-01-19,dump_truck,14.51,82.37,1195.19,False,True,synthetic_generator_v1
P.S. 52 - STATEN ISLAND,2024-09-29,loader,6.53,102.81,671.35,False,True,synthetic_generator_v1
P.S. 52 - STATEN ISLAND,2024-11-20,loader,9.85,127.04,1251.34,False,True,synthetic_generator_v1
P.S. 52 - STATEN ISLAND,2024-08-22,dump_truck,7.05,123.59,871.31,False,True,synthetic_generator_v1
P.S. 52 - STATEN ISLAND,2024-09-25,dump_truck,21.44,102.13,2189.67,False,True,synthetic_generator_v1
P.S. 52 - STATEN ISLAND,2024-07-09,excavator,19.76,177.4,3505.42,False,True,synthetic_generator_v1
P.S. 52 - STATEN ISLAND,2024-07-14,dump_truck,23.99,131.88,3163.8,False,True,synthetic_generator_v1
QUEST TO LEARN - MANHATTAN,2024-01-12,dump_truck,15.17,107.47,1630.32,False,True,synthetic_generator_v1
QUEST TO LEARN - MANHATTAN,2024-03-23,loader,2.29,122.57,280.69,False,True,synthetic_generator_v1
QUEST TO LEARN - MANHATTAN,2024-03-30,loader,23.15,119.24,2760.41,False,True,synthetic_generator_v1
QUEST TO LEARN - MANHATTAN,2024-01-16,crane,1.44,573.28,825.52,False,True,synthetic_generator_v1
QUEST TO LEARN - MANHATTAN,2024-12-16,dump_truck,0.92,86.08,79.19,False,True,synthetic_generator_v1
QUEST TO LEARN - MANHATTAN,2024-11-24,excavator,8.56,192.33,1646.34,False,True,synthetic_generator_v1
QUEST TO LEARN - MANHATTAN,2024-03-22,crane,14.42,402.06,5797.71,True,True,synthetic_generator_v1
QUEST TO LEARN - MANHATTAN,2024-12-12,loader,11.32,158.43,1793.43,False,True,synthetic_generator_v1
QUEST TO LEARN - MANHATTAN,2024-07-16,excavator,10.65,199.5,2124.68,False,True,synthetic_generator_v1
QUEST TO LEARN - MANHATTAN,2024-11-06,dump_truck,14.18,116.74,1655.37,False,True,synthetic_generator_v1
QUEST TO LEARN - MANHATTAN,2024-01-31,bulldozer,12.17,160.56,1954.02,True,True,synthetic_generator_v1
QUEST TO LEARN - MANHATTAN,2024-07-23,dump_truck,8.4,111.87,939.71,False,True,synthetic_generator_v1
QUEST TO LEARN - MANHATTAN,2024-03-04,excavator,10.3,194.27,2000.98,False,True,synthetic_generator_v1
P.S. 4 - BRONX,2024-09-16,loader,0.96,133.02,127.7,False,True,synthetic_generator_v1
P.S. 4 - BRONX,2024-06-02,bulldozer,10.57,125.47,1326.22,False,True,synthetic_generator_v1
P.S. 4 - BRONX,2024-06-07,loader,2.02,104.03,210.14,False,True,synthetic_generator_v1
P.S. 4 - BRONX,2024-04-03,loader,23.41,132.69,3106.27,False,True,synthetic_generator_v1
P.S. 4 - BRONX,2024-04-01,excavator,7.19,188.44,1354.88,False,True,synthetic_generator_v1
P.S. 4 - BRONX,2024-02-18,loader,1.19,155.22,184.71,False,True,synthetic_generator_v1
P.S. 4 - BRONX,2024-02-25,crane,16.69,463.96,7743.49,False,True,synthetic_generator_v1
P.S. 4 - BRONX,2024-06-12,dump_truck,6.47,128.87,833.79,False,True,synthetic_generator_v1
P.S. 4 - BRONX,2024-12-10,crane,8.64,497.13,4295.2,False,True,synthetic_generator_v1
P.S. 4 - BRONX,2024-07-21,crane,13.08,447.14,5848.59,False,True,synthetic_generator_v1
P.S. 4 - BRONX,2024-08-30,dump_truck,3.29,120.96,397.96,False,True,synthetic_generator_v1
P.S. 4 - BRONX,2024-05-17,crane,14.75,656.87,9688.83,False,True,synthetic_generator_v1
P.S. 4 - BRONX,2024-03-15,bulldozer,2.8,130.03,364.08,False,True,synthetic_generator_v1
P.S. 76 - BRONX,2024-10-21,bulldozer,16.43,148.99,2447.91,False,True,synthetic_generator_v1
P.S. 76 - BRONX,2024-03-16,crane,2.38,492.54,1172.25,False,True,synthetic_generator_v1
P.S. 76 - BRONX,2024-09-30,dump_truck,8.63,83.26,718.53,False,True,synthetic_generator_v1
P.S. 76 - BRONX,2024-02-05,bulldozer,5.72,171.9,983.27,False,True,synthetic_generator_v1
P.S. 76 - BRONX,2024-12-02,crane,7.93,697.3,5529.59,False,True,synthetic_generator_v1
P.S. 76 - BRONX,2024-04-21,bulldozer,11.06,106.13,1173.8,False,True,synthetic_generator_v1
P.S. 76 - BRONX,2024-08-13,excavator,10.41,159.96,1665.18,False,True,synthetic_generator_v1
P.S. 76 - BRONX,2024-04-16,loader,1.2,99.54,119.45,False,True,synthetic_generator_v1
P.S. 76 - BRONX,2024-04-11,crane,7.9,437.39,3455.38,False,True,synthetic_generator_v1
P.S. 76 - BRONX,2024-09-16,dump_truck,5.09,117.3,597.06,False,True,synthetic_generator_v1
P.S. 76 - BRONX,2024-04-17,excavator,18.74,152.26,2853.35,False,True,synthetic_generator_v1
P.S. 76 - BRONX,2024-07-31,crane,1.72,463.1,796.53,False,True,synthetic_generator_v1
P.S. 76 - BRONX,2024-09-16,bulldozer,3.95,177.7,701.91,True,True,synthetic_generator_v1
AUGUST MARTIN HS - QUEENS,2024-08-06,excavator,0.73,206.83,150.99,False,True,synthetic_generator_v1
AUGUST MARTIN HS - QUEENS,2024-04-26,loader,8.45,147.31,1244.77,False,True,synthetic_generator_v1
AUGUST MARTIN HS - QUEENS,2024-06-26,bulldozer,2.95,139.3,410.94,False,True,synthetic_generator_v1
AUGUST MARTIN HS - QUEENS,2024-02-12,dump_truck,12.59,126.48,1592.38,False,True,synthetic_generator_v1
AUGUST MARTIN HS - QUEENS,2024-03-13,crane,20.01,632.77,12661.73,False,True,synthetic_generator_v1
AUGUST MARTIN HS - QUEENS,2024-06-30,dump_truck,2.8,125.02,350.06,False,True,synthetic_generator_v1
AUGUST MARTIN HS - QUEENS,2024-09-29,bulldozer,3.78,146.08,552.18,False,True,synthetic_generator_v1
AUGUST MARTIN HS - QUEENS,2024-09-28,crane,3.91,449.69,1758.29,False,True,synthetic_generator_v1
AUGUST MARTIN HS - QUEENS,2024-11-12,crane,9.11,652.97,5948.56,False,True,synthetic_generator_v1
AUGUST MARTIN HS - QUEENS,2024-03-18,dump_truck,16.76,124.92,2093.66,False,True,synthetic_generator_v1
AUGUST MARTIN HS - QUEENS,2024-07-24,bulldozer,2.6,134.4,349.44,False,True,synthetic_generator_v1
AUGUST MARTIN HS - QUEENS,2024-08-03,loader,2.26,163.55,369.62,True,True,synthetic_generator_v1
AUGUST MARTIN HS - QUEENS,2024-05-08,dump_truck,7.36,114.08,839.63,False,True,synthetic_generator_v1
P.S. 105 - BRONX,2024-06-19,bulldozer,4.27,169.23,722.61,False,True,synthetic_generator_v1
P.S. 105 - BRONX,2024-06-05,excavator,3.27,202.28,661.46,False,True,synthetic_generator_v1
P.S. 105 - BRONX,2024-07-26,bulldozer,2.74,163.01,446.65,False,True,synthetic_generator_v1
P.S. 105 - BRONX,2024-12-28,loader,2.42,121.24,293.4,False,True,synthetic_generator_v1
P.S. 105 - BRONX,2024-07-04,crane,13.33,433.44,5777.76,False,True,synthetic_generator_v1
P.S. 105 - BRONX,2024-09-16,dump_truck,4.71,92.88,437.46,False,True,synthetic_generator_v1
P.S. 105 - BRONX,2024-04-01,loader,4.16,102.72,427.32,False,True,synthetic_generator_v1
P.S. 105 - BRONX,2024-12-05,loader,4.35,157.36,684.52,False,True,synthetic_generator_v1
P.S. 105 - BRONX,2024-06-23,dump_truck,3.91,97.96,383.02,False,True,synthetic_generator_v1
P.S. 105 - BRONX,2024-05-30,dump_truck,9.9,108.5,1074.15,False,True,synthetic_generator_v1
P.S. 105 - BRONX,2024-04-25,loader,9.27,107.16,993.37,False,True,synthetic_generator_v1
P.S. 105 - BRONX,2024-01-14,loader,1.16,112.16,130.11,False,True,synthetic_generator_v1
P.S. 105 - BRONX,2024-04-22,crane,12.6,643.46,8107.6,False,True,synthetic_generator_v1
P.S. 282 - BROOKLYN,2024-03-20,dump_truck,5.95,97.33,579.11,False,True,synthetic_generator_v1
P.S. 282 - BROOKLYN,2024-08-13,crane,9.17,533.53,4892.47,False,True,synthetic_generator_v1
P.S. 282 - BROOKLYN,2024-10-02,excavator,5.82,192.65,1121.22,False,True,synthetic_generator_v1
P.S. 282 - BROOKLYN,2024-05-29,excavator,3.56,166.66,593.31,False,True,synthetic_generator_v1
P.S. 282 - BROOKLYN,2024-09-11,crane,10.6,581.05,6159.13,False,True,synthetic_generator_v1
P.S. 282 - BROOKLYN,2024-06-21,loader,15.58,124.0,1931.92,False,True,synthetic_generator_v1
P.S. 282 - BROOKLYN,2024-02-29,dump_truck,2.13,79.73,169.82,False,True,synthetic_generator_v1
P.S. 282 - BROOKLYN,2024-03-13,crane,15.51,638.22,9898.79,True,True,synthetic_generator_v1
P.S. 282 - BROOKLYN,2024-01-31,loader,4.21,154.39,649.98,False,True,synthetic_generator_v1
P.S. 282 - BROOKLYN,2024-12-28,dump_truck,14.38,113.82,1636.73,False,True,synthetic_generator_v1
P.S. 282 - BROOKLYN,2024-09-26,dump_truck,12.14,108.78,1320.59,False,True,synthetic_generator_v1
P.S. 282 - BROOKLYN,2024-07-20,dump_truck,2.45,83.72,205.11,False,True,synthetic_generator_v1
P.S. 282 - BROOKLYN,2024-05-29,loader,1.39,125.11,173.9,False,True,synthetic_generator_v1
I.S. 210 - QUEENS,2024-06-20,loader,15.01,156.73,2352.52,False,True,synthetic_generator_v1
I.S. 210 - QUEENS,2024-05-27,dump_truck,7.87,85.18,670.37,False,True,synthetic_generator_v1
I.S. 210 - QUEENS,2024-06-11,excavator,8.75,166.62,1457.92,True,True,synthetic_generator_v1
I.S. 210 - QUEENS,2024-03-27,bulldozer,8.39,132.89,1114.95,False,True,synthetic_generator_v1
I.S. 210 - QUEENS,2024-02-23,crane,7.16,417.53,2989.51,False,True,synthetic_generator_v1
I.S. 210 - QUEENS,2024-10-17,excavator,6.52,197.13,1285.29,False,True,synthetic_generator_v1
I.S. 210 - QUEENS,2024-01-19,dump_truck,4.97,122.97,611.16,False,True,synthetic_generator_v1
I.S. 210 - QUEENS,2024-10-19,loader,6.05,116.34,703.86,False,True,synthetic_generator_v1
I.S. 210 - QUEENS,2024-08-18,crane,1.99,503.54,1002.04,False,True,synthetic_generator_v1
I.S. 210 - QUEENS,2024-08-20,loader,4.55,162.2,738.01,False,True,synthetic_generator_v1
I.S. 210 - QUEENS,2024-10-01,bulldozer,7.58,161.02,1220.53,False,True,synthetic_generator_v1
I.S. 210 - QUEENS,2024-07-17,bulldozer,12.99,172.79,2244.54,False,True,synthetic_generator_v1
I.S. 210 - QUEENS,2024-01-11,loader,8.02,129.12,1035.54,False,True,synthetic_generator_v1
HOSTOS-LINCOLN ACADEMY OF SCIENCE,2024-09-19,bulldozer,6.1,180.6,1101.66,False,True,synthetic_generator_v1
HOSTOS-LINCOLN ACADEMY OF SCIENCE,2024-01-13,loader,4.48,142.76,639.56,False,True,synthetic_generator_v1
HOSTOS-LINCOLN ACADEMY OF SCIENCE,2024-05-14,loader,10.89,167.72,1826.47,False,True,synthetic_generator_v1
HOSTOS-LINCOLN ACADEMY OF SCIENCE,2024-05-19,loader,2.62,98.26,257.44,False,True,synthetic_generator_v1
HOSTOS-LINCOLN ACADEMY OF SCIENCE,2024-11-15,excavator,0.56,186.12,104.23,True,True,synthetic_generator_v1
HOSTOS-LINCOLN ACADEMY OF SCIENCE,2024-07-13,crane,12.96,410.79,5323.84,False,True,synthetic_generator_v1
HOSTOS-LINCOLN ACADEMY OF SCIENCE,2024-12-22,loader,2.08,120.17,249.95,False,True,synthetic_generator_v1
HOSTOS-LINCOLN ACADEMY OF SCIENCE,2024-08-05,loader,5.37,120.93,649.39,False,True,synthetic_generator_v1
HOSTOS-LINCOLN ACADEMY OF SCIENCE,2024-04-08,loader,2.39,116.28,277.91,False,True,synthetic_generator_v1
HOSTOS-LINCOLN ACADEMY OF SCIENCE,2024-08-18,excavator,12.54,197.53,2477.03,False,True,synthetic_generator_v1
HOSTOS-LINCOLN ACADEMY OF SCIENCE,2024-01-12,crane,11.13,641.87,7144.01,False,True,synthetic_generator_v1
HOSTOS-LINCOLN ACADEMY OF SCIENCE,2024-02-08,crane,3.26,640.44,2087.83,False,True,synthetic_generator_v1
HOSTOS-LINCOLN ACADEMY OF SCIENCE,2024-02-08,excavator,9.8,185.08,1813.78,False,True,synthetic_generator_v1
P.S. 222 - QUEENS,2024-09-10,crane,5.38,492.4,2649.11,False,True,synthetic_generator_v1
P.S. 222 - QUEENS,2024-11-18,bulldozer,7.15,157.36,1125.12,False,True,synthetic_generator_v1
P.S. 222 - QUEENS,2024-03-03,dump_truck,10.97,117.31,1286.89,False,True,synthetic_generator_v1
P.S. 222 - QUEENS,2024-03-06,bulldozer,11.23,148.1,1663.16,False,True,synthetic_generator_v1
P.S. 222 - QUEENS,2024-01-10,loader,2.38,164.01,390.34,False,True,synthetic_generator_v1
P.S. 222 - QUEENS,2024-06-09,loader,10.88,152.65,1660.83,False,True,synthetic_generator_v1
P.S. 222 - QUEENS,2024-10-22,bulldozer,1.0,179.31,179.31,False,True,synthetic_generator_v1
P.S. 222 - QUEENS,2024-10-20,crane,10.84,612.43,6638.74,False,True,synthetic_generator_v1
P.S. 222 - QUEENS,2024-05-07,loader,10.01,118.57,1186.89,False,True,synthetic_generator_v1
P.S. 222 - QUEENS,2024-07-15,crane,1.02,587.08,598.82,False,True,synthetic_generator_v1
P.S. 222 - QUEENS,2024-09-08,loader,7.96,165.0,1313.4,False,True,synthetic_generator_v1
P.S. 222 - QUEENS,2024-08-18,loader,4.62,151.98,702.15,False,True,synthetic_generator_v1
P.S. 222 - QUEENS,2024-05-21,crane,3.6,542.12,1951.63,False,True,synthetic_generator_v1
P.S. 171 - QUEENS,2024-08-16,dump_truck,13.74,131.16,1802.14,False,True,synthetic_generator_v1
P.S. 171 - QUEENS,2024-07-26,crane,7.43,641.39,4765.53,False,True,synthetic_generator_v1
P.S. 171 - QUEENS,2024-04-15,crane,8.64,627.93,5425.32,False,True,synthetic_generator_v1
P.S. 171 - QUEENS,2024-06-01,crane,17.68,508.28,8986.39,False,True,synthetic_generator_v1
P.S. 171 - QUEENS,2024-11-16,crane,4.15,570.05,2365.71,False,True,synthetic_generator_v1
P.S. 171 - QUEENS,2024-05-09,crane,1.37,464.93,636.95,False,True,synthetic_generator_v1
P.S. 171 - QUEENS,2024-06-19,crane,6.02,549.88,3310.28,False,True,synthetic_generator_v1
P.S. 171 - QUEENS,2024-06-16,loader,17.3,107.9,1866.67,False,True,synthetic_generator_v1
P.S. 171 - QUEENS,2024-10-14,dump_truck,5.43,92.26,500.97,False,True,synthetic_generator_v1
P.S. 171 - QUEENS,2024-05-07,excavator,6.87,196.74,1351.6,False,True,synthetic_generator_v1
P.S. 171 - QUEENS,2024-01-06,bulldozer,5.6,176.55,988.68,False,True,synthetic_generator_v1
P.S. 171 - QUEENS,2024-07-14,dump_truck,10.01,96.98,970.77,False,True,synthetic_generator_v1
P.S. 171 - QUEENS,2024-08-04,bulldozer,5.63,109.94,618.96,False,True,synthetic_generator_v1
P.S. 157 - BROOKLYN,2024-03-02,crane,11.94,421.4,5031.52,False,True,synthetic_generator_v1
P.S. 157 - BROOKLYN,2024-03-01,loader,19.23,164.03,3154.3,False,True,synthetic_generator_v1
P.S. 157 - BROOKLYN,2024-01-06,dump_truck,4.04,87.88,355.04,False,True,synthetic_generator_v1
P.S. 157 - BROOKLYN,2024-10-28,loader,14.03,141.74,1988.61,False,True,synthetic_generator_v1
P.S. 157 - BROOKLYN,2024-12-13,loader,15.82,121.31,1919.12,False,True,synthetic_generator_v1
P.S. 157 - BROOKLYN,2024-08-30,loader,5.14,150.21,772.08,False,True,synthetic_generator_v1
P.S. 157 - BROOKLYN,2024-08-04,dump_truck,1.08,131.37,141.88,False,True,synthetic_generator_v1
P.S. 157 - BROOKLYN,2024-01-14,loader,1.4,98.78,138.29,False,True,synthetic_generator_v1
P.S. 157 - BROOKLYN,2024-02-14,loader,6.45,113.67,733.17,False,True,synthetic_generator_v1
P.S. 157 - BROOKLYN,2024-11-19,excavator,10.02,160.92,1612.42,False,True,synthetic_generator_v1
P.S. 157 - BROOKLYN,2024-05-03,dump_truck,8.6,93.66,805.48,False,True,synthetic_generator_v1
P.S. 157 - BROOKLYN,2024-08-19,crane,6.29,584.12,3674.11,False,True,synthetic_generator_v1
P.S. 157 - BROOKLYN,2024-12-16,crane,4.49,408.47,1834.03,False,True,synthetic_generator_v1
P.S. 209 - QUEENS,2024-08-01,excavator,6.56,170.55,1118.81,False,True,synthetic_generator_v1
P.S. 209 - QUEENS,2024-03-15,excavator,1.04,161.81,168.28,False,True,synthetic_generator_v1
P.S. 209 - QUEENS,2024-06-23,bulldozer,12.35,169.23,2089.99,False,True,synthetic_generator_v1
P.S. 209 - QUEENS,2024-06-06,loader,2.38,158.72,377.75,False,True,synthetic_generator_v1
P.S. 209 - QUEENS,2024-12-21,dump_truck,5.93,128.64,762.84,False,True,synthetic_generator_v1
P.S. 209 - QUEENS,2024-12-04,dump_truck,11.22,115.41,1294.9,False,True,synthetic_generator_v1
P.S. 209 - QUEENS,2024-09-29,dump_truck,12.01,111.13,1334.67,False,True,synthetic_generator_v1
P.S. 209 - QUEENS,2024-11-18,bulldozer,21.43,150.37,3222.43,False,True,synthetic_generator_v1
P.S. 209 - QUEENS,2024-06-14,crane,1.06,569.8,603.99,False,True,synthetic_generator_v1
P.S. 209 - QUEENS,2024-06-05,crane,10.93,523.46,5721.42,False,True,synthetic_generator_v1
P.S. 209 - QUEENS,2024-08-05,crane,3.09,630.49,1948.21,False,True,synthetic_generator_v1
P.S. 209 - QUEENS,2024-03-12,bulldozer,10.98,159.58,1752.19,False,True,synthetic_generator_v1
P.S. 209 - QUEENS,2024-04-14,loader,17.82,137.89,2457.2,False,True,synthetic_generator_v1
P.S. 206 - BROOKLYN,2024-06-27,crane,4.39,477.96,2098.24,False,True,synthetic_generator_v1
P.S. 206 - BROOKLYN,2024-04-22,dump_truck,23.99,112.77,2705.35,False,True,synthetic_generator_v1
P.S. 206 - BROOKLYN,2024-04-10,excavator,14.05,188.46,2647.86,False,True,synthetic_generator_v1
P.S. 206 - BROOKLYN,2024-03-22,excavator,5.51,175.39,966.4,False,True,synthetic_generator_v1
P.S. 206 - BROOKLYN,2024-05-08,excavator,0.56,133.41,74.71,False,True,synthetic_generator_v1
P.S. 206 - BROOKLYN,2024-08-11,bulldozer,5.53,171.94,950.83,False,True,synthetic_generator_v1
P.S. 206 - BROOKLYN,2024-07-28,bulldozer,7.99,172.0,1374.28,False,True,synthetic_generator_v1
P.S. 206 - BROOKLYN,2024-10-20,crane,9.08,486.47,4417.15,False,True,synthetic_generator_v1
P.S. 206 - BROOKLYN,2024-08-04,crane,7.75,458.62,3554.3,False,True,synthetic_generator_v1
P.S. 206 - BROOKLYN,2024-02-04,excavator,20.97,144.21,3024.08,False,True,synthetic_generator_v1
P.S. 206 - BROOKLYN,2024-09-30,excavator,8.34,153.2,1277.69,False,True,synthetic_generator_v1
P.S. 206 - BROOKLYN,2024-09-30,crane,4.49,473.69,2126.87,True,True,synthetic_generator_v1
P.S. 206 - BROOKLYN,2024-03-28,bulldozer,4.87,143.35,698.11,False,True,synthetic_generator_v1
P.S. 239 - QUEENS,2024-05-15,loader,6.51,152.66,993.82,False,True,synthetic_generator_v1
P.S. 239 - QUEENS,2024-03-25,loader,15.47,154.44,2389.19,False,True,synthetic_generator_v1
P.S. 239 - QUEENS,2024-07-09,loader,14.33,164.81,2361.73,False,True,synthetic_generator_v1
P.S. 239 - QUEENS,2024-10-12,dump_truck,17.76,94.84,1684.36,False,True,synthetic_generator_v1
P.S. 239 - QUEENS,2024-09-26,crane,3.92,600.33,2353.29,False,True,synthetic_generator_v1
P.S. 239 - QUEENS,2024-10-28,dump_truck,0.54,120.36,64.99,False,True,synthetic_generator_v1
P.S. 239 - QUEENS,2024-01-12,loader,7.71,130.8,1008.47,False,True,synthetic_generator_v1
P.S. 239 - QUEENS,2024-09-17,bulldozer,7.34,135.57,995.08,False,True,synthetic_generator_v1
P.S. 239 - QUEENS,2024-06-02,bulldozer,6.59,112.31,740.12,False,True,synthetic_generator_v1
P.S. 239 - QUEENS,2024-04-24,crane,10.93,671.55,7340.04,False,True,synthetic_generator_v1
P.S. 239 - QUEENS,2024-12-23,dump_truck,2.38,104.83,249.5,False,True,synthetic_generator_v1
P.S. 239 - QUEENS,2024-07-23,loader,0.66,113.46,74.88,False,True,synthetic_generator_v1
P.S. 239 - QUEENS,2024-12-05,excavator,3.76,189.75,713.46,False,True,synthetic_generator_v1
MID-MAN ADULT LEARNING CENTER - M,2024-01-05,bulldozer,3.05,133.1,405.95,True,True,synthetic_generator_v1
MID-MAN ADULT LEARNING CENTER - M,2024-09-04,dump_truck,8.44,87.5,738.5,False,True,synthetic_generator_v1
MID-MAN ADULT LEARNING CENTER - M,2024-12-14,dump_truck,5.33,106.14,565.73,False,True,synthetic_generator_v1
MID-MAN ADULT LEARNING CENTER - M,2024-11-09,crane,14.38,530.48,7628.3,False,True,synthetic_generator_v1
MID-MAN ADULT LEARNING CENTER - M,2024-01-21,loader,16.93,116.89,1978.95,False,True,synthetic_generator_v1
MID-MAN ADULT LEARNING CENTER - M,2024-08-21,excavator,4.11,145.6,598.42,True,True,synthetic_generator_v1
MID-MAN ADULT LEARNING CENTER - M,2024-10-28,excavator,10.71,203.61,2180.66,False,True,synthetic_generator_v1
MID-MAN ADULT LEARNING CENTER - M,2024-11-07,dump_truck,9.12,89.16,813.14,False,True,synthetic_generator_v1
MID-MAN ADULT LEARNING CENTER - M,2024-10-29,crane,0.92,595.62,547.97,True,True,synthetic_generator_v1
MID-MAN ADULT LEARNING CENTER - M,2024-04-27,dump_truck,8.62,90.49,780.02,False,True,synthetic_generator_v1
MID-MAN ADULT LEARNING CENTER - M,2024-09-28,crane,25.58,534.77,13679.42,False,True,synthetic_generator_v1
MID-MAN ADULT LEARNING CENTER - M,2024-08-08,excavator,11.47,206.28,2366.03,False,True,synthetic_generator_v1
MID-MAN ADULT LEARNING CENTER - M,2024-05-20,dump_truck,10.46,99.76,1043.49,False,True,synthetic_generator_v1
P.S. 209 - BROOKLYN,2024-09-25,dump_truck,9.74,110.17,1073.06,False,True,synthetic_generator_v1
P.S. 209 - BROOKLYN,2024-02-28,excavator,20.0,148.65,2973.0,False,True,synthetic_generator_v1
P.S. 209 - BROOKLYN,2024-10-22,crane,4.33,574.67,2488.32,False,True,synthetic_generator_v1
P.S. 209 - BROOKLYN,2024-01-26,bulldozer,1.4,162.88,228.03,False,True,synthetic_generator_v1
P.S. 209 - BROOKLYN,2024-02-10,dump_truck,19.03,129.31,2460.77,False,True,synthetic_generator_v1
P.S. 209 - BROOKLYN,2024-10-06,bulldozer,16.25,111.83,1817.24,False,True,synthetic_generator_v1
P.S. 209 - BROOKLYN,2024-01-21,bulldozer,1.01,175.67,177.43,False,True,synthetic_generator_v1
P.S. 209 - BROOKLYN,2024-12-02,bulldozer,6.19,109.36,676.94,False,True,synthetic_generator_v1
P.S. 209 - BROOKLYN,2024-10-28,excavator,9.1,129.61,1179.45,False,True,synthetic_generator_v1
P.S. 209 - BROOKLYN,2024-08-28,bulldozer,3.34,116.39,388.74,False,True,synthetic_generator_v1
P.S. 209 - BROOKLYN,2024-05-06,excavator,8.62,150.07,1293.6,False,True,synthetic_generator_v1
P.S. 209 - BROOKLYN,2024-10-18,excavator,5.5,139.66,768.13,False,True,synthetic_generator_v1
P.S. 209 - BROOKLYN,2024-03-27,dump_truck,5.42,89.6,485.63,False,True,synthetic_generator_v1
P.S. 55 - BRONX,2024-05-19,dump_truck,9.03,123.99,1119.63,False,True,synthetic_generator_v1
P.S. 55 - BRONX,2024-10-15,bulldozer,14.21,111.5,1584.42,False,True,synthetic_generator_v1
P.S. 55 - BRONX,2024-04-10,crane,1.65,507.06,836.65,False,True,synthetic_generator_v1
P.S. 55 - BRONX,2024-09-29,bulldozer,20.59,142.47,2933.46,False,True,synthetic_generator_v1
P.S. 55 - BRONX,2024-10-14,excavator,5.12,200.63,1027.23,False,True,synthetic_generator_v1
P.S. 55 - BRONX,2024-01-23,crane,3.03,540.12,1636.56,False,True,synthetic_generator_v1
P.S. 55 - BRONX,2024-02-07,excavator,3.68,159.72,587.77,False,True,synthetic_generator_v1
P.S. 55 - BRONX,2024-04-19,crane,14.32,511.26,7321.24,True,True,synthetic_generator_v1
P.S. 55 - BRONX,2024-01-06,dump_truck,15.24,112.65,1716.79,False,True,synthetic_generator_v1
P.S. 55 - BRONX,2024-04-17,excavator,19.82,150.67,2986.28,False,True,synthetic_generator_v1
P.S. 55 - BRONX,2024-03-01,excavator,11.33,168.32,1907.07,False,True,synthetic_generator_v1
P.S. 55 - BRONX,2024-05-03,excavator,7.81,162.84,1271.78,False,True,synthetic_generator_v1
P.S. 55 - BRONX,2024-03-26,excavator,14.8,209.3,3097.64,False,True,synthetic_generator_v1
P.S. 56 - QUEENS,2024-10-02,bulldozer,5.44,108.47,590.08,False,True,synthetic_generator_v1
P.S. 56 - QUEENS,2024-11-05,excavator,1.91,148.16,282.99,False,True,synthetic_generator_v1
P.S. 56 - QUEENS,2024-09-15,bulldozer,17.94,162.7,2918.84,False,True,synthetic_generator_v1
P.S. 56 - QUEENS,2024-02-13,dump_truck,10.66,108.85,1160.34,False,True,synthetic_generator_v1
P.S. 56 - QUEENS,2024-09-08,dump_truck,4.5,127.88,575.46,False,True,synthetic_generator_v1
P.S. 56 - QUEENS,2024-03-30,bulldozer,8.6,128.5,1105.1,False,True,synthetic_generator_v1
P.S. 56 - QUEENS,2024-09-16,loader,6.37,129.65,825.87,True,True,synthetic_generator_v1
P.S. 56 - QUEENS,2024-01-26,excavator,3.25,154.01,500.53,False,True,synthetic_generator_v1
P.S. 56 - QUEENS,2024-02-15,bulldozer,8.68,160.46,1392.79,False,True,synthetic_generator_v1
P.S. 56 - QUEENS,2024-03-17,loader,3.55,125.73,446.34,False,True,synthetic_generator_v1
P.S. 56 - QUEENS,2024-09-18,crane,9.35,697.2,6518.82,False,True,synthetic_generator_v1
P.S. 56 - QUEENS,2024-01-26,bulldozer,4.7,148.99,700.25,False,True,synthetic_generator_v1
P.S. 56 - QUEENS,2024-10-09,excavator,11.04,176.25,1945.8,False,True,synthetic_generator_v1
Q993 SPED - QUEENS,2024-11-09,dump_truck,14.93,132.51,1978.37,False,True,synthetic_generator_v1
Q993 SPED - QUEENS,2024-09-13,loader,6.93,152.08,1053.91,False,True,synthetic_generator_v1
Q993 SPED - QUEENS,2024-09-25,excavator,11.6,193.83,2248.43,False,True,synthetic_generator_v1
Q993 SPED - QUEENS,2024-01-16,dump_truck,6.84,82.08,561.43,False,True,synthetic_generator_v1
Q993 SPED - QUEENS,2024-02-27,dump_truck,13.99,128.69,1800.37,False,True,synthetic_generator_v1
Q993 SPED - QUEENS,2024-07-12,bulldozer,14.27,140.84,2009.79,False,True,synthetic_generator_v1
Q993 SPED - QUEENS,2024-05-15,bulldozer,11.27,178.91,2016.32,False,True,synthetic_generator_v1
Q993 SPED - QUEENS,2024-01-02,dump_truck,4.16,114.77,477.44,False,True,synthetic_generator_v1
Q993 SPED - QUEENS,2024-11-08,bulldozer,8.34,128.28,1069.86,False,True,synthetic_generator_v1
Q993 SPED - QUEENS,2024-03-04,dump_truck,8.56,112.44,962.49,False,True,synthetic_generator_v1
Q993 SPED - QUEENS,2024-02-25,dump_truck,4.98,106.2,528.88,False,True,synthetic_generator_v1
Q993 SPED - QUEENS,2024-01-14,dump_truck,12.1,83.94,1015.67,False,True,synthetic_generator_v1
Q993 SPED - QUEENS,2024-04-09,crane,8.36,464.68,3884.72,False,True,synthetic_generator_v1
NEW MILLENNIUM BRONX ACADEMY OF THE ARTS - BRONX,2024-01-16,loader,8.89,108.52,964.74,False,True,synthetic_generator_v1
NEW MILLENNIUM BRONX ACADEMY OF THE ARTS - BRONX,2024-10-14,crane,0.9,601.04,540.94,False,True,synthetic_generator_v1
NEW MILLENNIUM BRONX ACADEMY OF THE ARTS - BRONX,2024-07-04,crane,5.79,669.56,3876.75,False,True,synthetic_generator_v1
NEW MILLENNIUM BRONX ACADEMY OF THE ARTS - BRONX,2024-12-02,dump_truck,7.17,131.91,945.79,False,True,synthetic_generator_v1
NEW MILLENNIUM BRONX ACADEMY OF THE ARTS - BRONX,2024-06-25,loader,9.7,159.88,1550.84,False,True,synthetic_generator_v1
NEW MILLENNIUM BRONX ACADEMY OF THE ARTS - BRONX,2024-03-13,dump_truck,0.87,107.31,93.36,False,True,synthetic_generator_v1
NEW MILLENNIUM BRONX ACADEMY OF THE ARTS - BRONX,2024-03-16,loader,1.84,138.52,254.88,False,True,synthetic_generator_v1
NEW MILLENNIUM BRONX ACADEMY OF THE ARTS - BRONX,2024-12-12,crane,0.74,635.08,469.96,False,True,synthetic_generator_v1
NEW MILLENNIUM BRONX ACADEMY OF THE ARTS - BRONX,2024-07-12,bulldozer,9.03,135.74,1225.73,False,True,synthetic_generator_v1
NEW MILLENNIUM BRONX ACADEMY OF THE ARTS - BRONX,2024-04-20,excavator,7.97,128.84,1026.85,False,True,synthetic_generator_v1
NEW MILLENNIUM BRONX ACADEMY OF THE ARTS - BRONX,2024-03-15,crane,0.99,642.17,635.75,False,True,synthetic_generator_v1
NEW MILLENNIUM BRONX ACADEMY OF THE ARTS - BRONX,2024-06-21,excavator,6.44,144.03,927.55,False,True,synthetic_generator_v1
NEW MILLENNIUM BRONX ACADEMY OF THE ARTS - BRONX,2024-05-03,dump_truck,11.72,121.39,1422.69,False,True,synthetic_generator_v1
P.S. 28 - BRONX,2024-05-13,dump_truck,14.07,108.63,1528.42,False,True,synthetic_generator_v1
P.S. 28 - BRONX,2024-09-08,dump_truck,2.97,100.96,299.85,False,True,synthetic_generator_v1
P.S. 28 - BRONX,2024-04-28,dump_truck,6.67,105.37,702.82,False,True,synthetic_generator_v1
P.S. 28 - BRONX,2024-06-12,loader,10.45,98.1,1025.14,False,True,synthetic_generator_v1
P.S. 28 - BRONX,2024-08-18,excavator,6.95,169.01,1174.62,False,True,synthetic_generator_v1
P.S. 28 - BRONX,2024-07-25,excavator,7.06,160.82,1135.39,False,True,synthetic_generator_v1
P.S. 28 - BRONX,2024-07-25,loader,7.22,152.15,1098.52,False,True,synthetic_generator_v1
P.S. 28 - BRONX,2024-01-08,bulldozer,14.62,163.63,2392.27,False,True,synthetic_generator_v1
P.S. 28 - BRONX,2024-03-14,excavator,3.85,140.15,539.58,False,True,synthetic_generator_v1
P.S. 28 - BRONX,2024-12-11,crane,2.38,425.86,1013.55,False,True,synthetic_generator_v1
P.S. 28 - BRONX,2024-12-03,bulldozer,13.7,181.13,2481.48,False,True,synthetic_generator_v1
P.S. 28 - BRONX,2024-12-17,bulldozer,7.17,135.58,972.11,False,True,synthetic_generator_v1
P.S. 28 - BRONX,2024-02-07,dump_truck,5.43,80.15,435.21,False,True,synthetic_generator_v1
CITY-AS-SCHOOL - MANHATTAN,2024-04-24,dump_truck,3.91,82.05,320.82,False,True,synthetic_generator_v1
CITY-AS-SCHOOL - MANHATTAN,2024-07-08,bulldozer,17.88,144.48,2583.3,False,True,synthetic_generator_v1
CITY-AS-SCHOOL - MANHATTAN,2024-10-13,bulldozer,8.35,105.22,878.59,False,True,synthetic_generator_v1
CITY-AS-SCHOOL - MANHATTAN,2024-09-06,bulldozer,9.08,119.14,1081.79,False,True,synthetic_generator_v1
CITY-AS-SCHOOL - MANHATTAN,2024-03-02,dump_truck,1.42,122.99,174.65,False,True,synthetic_generator_v1
CITY-AS-SCHOOL - MANHATTAN,2024-02-27,loader,2.6,110.34,286.88,False,True,synthetic_generator_v1
CITY-AS-SCHOOL - MANHATTAN,2024-06-19,dump_truck,3.7,89.45,330.97,False,True,synthetic_generator_v1
CITY-AS-SCHOOL - MANHATTAN,2024-02-14,bulldozer,8.2,129.37,1060.83,False,True,synthetic_generator_v1
CITY-AS-SCHOOL - MANHATTAN,2024-06-16,bulldozer,13.15,119.78,1575.11,False,True,synthetic_generator_v1
CITY-AS-SCHOOL - MANHATTAN,2024-03-29,bulldozer,2.43,136.72,332.23,False,True,synthetic_generator_v1
CITY-AS-SCHOOL - MANHATTAN,2024-09-25,excavator,2.71,141.43,383.28,False,True,synthetic_generator_v1
CITY-AS-SCHOOL - MANHATTAN,2024-06-11,excavator,17.58,205.75,3617.08,False,True,synthetic_generator_v1
CITY-AS-SCHOOL - MANHATTAN,2024-11-25,excavator,7.62,145.51,1108.79,False,True,synthetic_generator_v1
I.S. 391 - BRONX,2024-10-19,excavator,1.43,165.98,237.35,False,True,synthetic_generator_v1
I.S. 391 - BRONX,2024-12-08,loader,16.38,123.53,2023.42,False,True,synthetic_generator_v1
I.S. 391 - BRONX,2024-05-03,excavator,2.38,136.35,324.51,False,True,synthetic_generator_v1
I.S. 391 - BRONX,2024-03-02,loader,12.82,108.64,1392.76,False,True,synthetic_generator_v1
I.S. 391 - BRONX,2024-04-20,crane,6.41,465.18,2981.8,False,True,synthetic_generator_v1
I.S. 391 - BRONX,2024-10-25,crane,10.96,687.01,7529.63,False,True,synthetic_generator_v1
I.S. 391 - BRONX,2024-06-15,crane,11.41,570.06,6504.38,False,True,synthetic_generator_v1
I.S. 391 - BRONX,2024-07-29,crane,15.77,686.6,10827.68,False,True,synthetic_generator_v1
I.S. 391 - BRONX,2024-06-16,dump_truck,12.55,107.53,1349.5,False,True,synthetic_generator_v1
I.S. 391 - BRONX,2024-03-26,bulldozer,9.6,154.96,1487.62,False,True,synthetic_generator_v1
I.S. 391 - BRONX,2024-05-05,dump_truck,12.65,94.25,1192.26,False,True,synthetic_generator_v1
I.S. 391 - BRONX,2024-05-16,loader,2.35,104.8,246.28,False,True,synthetic_generator_v1
I.S. 391 - BRONX,2024-08-25,loader,9.33,116.87,1090.4,False,True,synthetic_generator_v1
P.S. 97 - QUEENS,2024-05-25,excavator,0.99,191.09,189.18,False,True,synthetic_generator_v1
P.S. 97 - QUEENS,2024-11-16,dump_truck,11.1,76.5,849.15,False,True,synthetic_generator_v1
P.S. 97 - QUEENS,2024-03-09,crane,12.11,578.9,7010.48,False,True,synthetic_generator_v1
P.S. 97 - QUEENS,2024-01-09,dump_truck,11.87,132.69,1575.03,False,True,synthetic_generator_v1
P.S. 97 - QUEENS,2024-07-13,excavator,21.04,192.94,4059.46,False,True,synthetic_generator_v1
P.S. 97 - QUEENS,2024-01-01,crane,4.28,503.57,2155.28,False,True,synthetic_generator_v1
P.S. 97 - QUEENS,2024-10-25,loader,4.64,155.29,720.55,False,True,synthetic_generator_v1
P.S. 97 - QUEENS,2024-04-27,loader,11.22,126.52,1419.55,False,True,synthetic_generator_v1
P.S. 97 - QUEENS,2024-06-16,dump_truck,10.86,96.9,1052.33,False,True,synthetic_generator_v1
P.S. 97 - QUEENS,2024-03-07,crane,10.03,422.48,4237.47,False,True,synthetic_generator_v1
P.S. 97 - QUEENS,2024-03-20,excavator,1.4,132.68,185.75,False,True,synthetic_generator_v1
P.S. 97 - QUEENS,2024-01-28,loader,14.4,130.51,1879.34,False,True,synthetic_generator_v1
P.S. 97 - QUEENS,2024-05-22,excavator,14.21,134.97,1917.92,False,True,synthetic_generator_v1
P.S. 215 - BROOKLYN,2024-12-28,bulldozer,0.72,156.08,112.38,False,True,synthetic_generator_v1
P.S. 215 - BROOKLYN,2024-06-11,crane,3.37,412.69,1390.77,False,True,synthetic_generator_v1
P.S. 215 - BROOKLYN,2024-09-13,excavator,8.89,194.71,1730.97,False,True,synthetic_generator_v1
P.S. 215 - BROOKLYN,2024-07-21,dump_truck,0.79,106.16,83.87,False,True,synthetic_generator_v1
P.S. 215 - BROOKLYN,2024-04-24,excavator,9.89,181.66,1796.62,False,True,synthetic_generator_v1
P.S. 215 - BROOKLYN,2024-07-14,dump_truck,16.64,107.72,1792.46,False,True,synthetic_generator_v1
P.S. 215 - BROOKLYN,2024-07-29,loader,10.86,130.92,1421.79,False,True,synthetic_generator_v1
P.S. 215 - BROOKLYN,2024-09-05,loader,5.25,137.11,719.83,False,True,synthetic_generator_v1
P.S. 215 - BROOKLYN,2024-03-30,bulldozer,1.42,157.73,223.98,False,True,synthetic_generator_v1
P.S. 215 - BROOKLYN,2024-10-29,dump_truck,8.63,92.48,798.1,False,True,synthetic_generator_v1
P.S. 215 - BROOKLYN,2024-02-28,dump_truck,5.2,116.55,606.06,False,True,synthetic_generator_v1
P.S. 215 - BROOKLYN,2024-03-25,loader,6.96,157.06,1093.14,False,True,synthetic_generator_v1
P.S. 215 - BROOKLYN,2024-03-12,excavator,7.07,161.47,1141.59,False,True,synthetic_generator_v1
P.S. 84 - BROOKLYN,2024-05-12,loader,8.8,130.53,1148.66,False,True,synthetic_generator_v1
P.S. 84 - BROOKLYN,2024-09-26,loader,4.09,97.59,399.14,False,True,synthetic_generator_v1
P.S. 84 - BROOKLYN,2024-02-15,bulldozer,4.7,109.76,515.87,False,True,synthetic_generator_v1
P.S. 84 - BROOKLYN,2024-02-27,dump_truck,26.9,90.15,2425.03,False,True,synthetic_generator_v1
P.S. 84 - BROOKLYN,2024-11-03,crane,10.11,699.57,7072.65,False,True,synthetic_generator_v1
P.S. 84 - BROOKLYN,2024-12-31,loader,10.82,147.82,1599.41,False,True,synthetic_generator_v1
P.S. 84 - BROOKLYN,2024-06-23,crane,9.98,694.3,6929.11,True,True,synthetic_generator_v1
P.S. 84 - BROOKLYN,2024-05-10,bulldozer,3.16,129.93,410.58,False,True,synthetic_generator_v1
P.S. 84 - BROOKLYN,2024-01-12,crane,5.27,508.09,2677.63,False,True,synthetic_generator_v1
P.S. 84 - BROOKLYN,2024-06-03,loader,9.04,103.01,931.21,False,True,synthetic_generator_v1
P.S. 84 - BROOKLYN,2024-01-17,crane,9.76,609.1,5944.82,False,True,synthetic_generator_v1
P.S. 84 - BROOKLYN,2024-10-17,loader,4.14,150.4,622.66,False,True,synthetic_generator_v1
P.S. 84 - BROOKLYN,2024-02-03,dump_truck,8.17,83.23,679.99,False,True,synthetic_generator_v1
MURRAY HILL ACADEMY HS - M,2024-02-10,crane,2.07,427.69,885.32,False,True,synthetic_generator_v1
MURRAY HILL ACADEMY HS - M,2024-09-14,bulldozer,28.99,145.61,4221.23,False,True,synthetic_generator_v1
MURRAY HILL ACADEMY HS - M,2024-07-17,excavator,23.82,168.32,4009.38,False,True,synthetic_generator_v1
MURRAY HILL ACADEMY HS - M,2024-10-28,dump_truck,7.17,131.97,946.22,False,True,synthetic_generator_v1
MURRAY HILL ACADEMY HS - M,2024-09-10,dump_truck,17.82,85.85,1529.85,False,True,synthetic_generator_v1
MURRAY HILL ACADEMY HS - M,2024-07-02,loader,18.23,163.01,2971.67,False,True,synthetic_generator_v1
MURRAY HILL ACADEMY HS - M,2024-05-19,loader,14.93,153.06,2285.19,False,True,synthetic_generator_v1
MURRAY HILL ACADEMY HS - M,2024-11-22,loader,16.05,101.48,1628.75,False,True,synthetic_generator_v1
MURRAY HILL ACADEMY HS - M,2024-03-25,excavator,8.24,186.19,1534.21,False,True,synthetic_generator_v1
MURRAY HILL ACADEMY HS - M,2024-06-24,crane,12.33,529.03,6522.94,False,True,synthetic_generator_v1
MURRAY HILL ACADEMY HS - M,2024-07-16,dump_truck,16.21,131.5,2131.62,False,True,synthetic_generator_v1
MURRAY HILL ACADEMY HS - M,2024-07-07,bulldozer,9.53,177.94,1695.77,False,True,synthetic_generator_v1
MURRAY HILL ACADEMY HS - M,2024-03-06,excavator,0.68,140.93,95.83,False,True,synthetic_generator_v1
Q993 SPED - QUEENS,2024-10-17,crane,6.5,695.02,4517.63,False,True,synthetic_generator_v1
Q993 SPED - QUEENS,2024-09-20,excavator,4.07,139.09,566.1,False,True,synthetic_generator_v1
Q993 SPED - QUEENS,2024-01-23,excavator,4.41,121.34,535.11,False,True,synthetic_generator_v1
Q993 SPED - QUEENS,2024-01-02,excavator,15.47,161.52,2498.71,False,True,synthetic_generator_v1
Q993 SPED - QUEENS,2024-01-24,excavator,10.25,165.71,1698.53,False,True,synthetic_generator_v1
Q993 SPED - QUEENS,2024-12-09,dump_truck,17.02,116.75,1987.09,False,True,synthetic_generator_v1
Q993 SPED - QUEENS,2024-10-07,excavator,0.68,193.6,131.65,False,True,synthetic_generator_v1
Q993 SPED - QUEENS,2024-07-15,excavator,2.19,141.17,309.16,False,True,synthetic_generator_v1
Q993 SPED - QUEENS,2024-06-12,crane,23.83,592.35,14115.7,False,True,synthetic_generator_v1
Q993 SPED - QUEENS,2024-09-18,excavator,7.95,190.47,1514.24,False,True,synthetic_generator_v1
Q993 SPED - QUEENS,2024-10-08,crane,0.77,458.5,353.05,False,True,synthetic_generator_v1
Q993 SPED - QUEENS,2024-10-28,bulldozer,13.47,106.72,1437.52,False,True,synthetic_generator_v1
Q993 SPED - QUEENS,2024-01-09,loader,6.8,156.14,1061.75,False,True,synthetic_generator_v1
P.S. 138 - BROOKLYN,2024-06-24,loader,6.09,108.36,659.91,False,True,synthetic_generator_v1
P.S. 138 - BROOKLYN,2024-05-22,loader,9.1,167.42,1523.52,False,True,synthetic_generator_v1
P.S. 138 - BROOKLYN,2024-10-13,dump_truck,0.52,120.89,62.86,True,True,synthetic_generator_v1
P.S. 138 - BROOKLYN,2024-02-15,loader,17.78,133.45,2372.74,False,True,synthetic_generator_v1
P.S. 138 - BROOKLYN,2024-09-21,crane,9.81,535.79,5256.1,False,True,synthetic_generator_v1
P.S. 138 - BROOKLYN,2024-08-02,excavator,11.78,155.05,1826.49,False,True,synthetic_generator_v1
P.S. 138 - BROOKLYN,2024-07-10,excavator,3.73,151.63,565.58,False,True,synthetic_generator_v1
P.S. 138 - BROOKLYN,2024-12-23,excavator,6.82,128.23,874.53,False,True,synthetic_generator_v1
P.S. 138 - BROOKLYN,2024-01-01,dump_truck,10.4,122.01,1268.9,False,True,synthetic_generator_v1
P.S. 138 - BROOKLYN,2024-12-02,excavator,14.53,148.35,2155.53,False,True,synthetic_generator_v1
P.S. 138 - BROOKLYN,2024-01-23,bulldozer,8.59,165.93,1425.34,False,True,synthetic_generator_v1
P.S. 138 - BROOKLYN,2024-10-18,crane,21.09,459.88,9698.87,True,True,synthetic_generator_v1
P.S. 138 - BROOKLYN,2024-02-06,loader,4.55,96.33,438.3,False,True,synthetic_generator_v1
P.S. / I.S. 270 - QUEENS,2024-09-09,excavator,13.76,188.85,2598.58,False,True,synthetic_generator_v1
P.S. / I.S. 270 - QUEENS,2024-03-07,loader,4.39,121.48,533.3,False,True,synthetic_generator_v1
P.S. / I.S. 270 - QUEENS,2024-12-11,bulldozer,5.07,154.23,781.95,False,True,synthetic_generator_v1
P.S. / I.S. 270 - QUEENS,2024-12-07,excavator,28.23,145.91,4119.04,False,True,synthetic_generator_v1
P.S. / I.S. 270 - QUEENS,2024-04-20,bulldozer,13.28,164.28,2181.64,True,True,synthetic_generator_v1
P.S. / I.S. 270 - QUEENS,2024-12-19,dump_truck,11.24,83.19,935.06,True,True,synthetic_generator_v1
P.S. / I.S. 270 - QUEENS,2024-04-19,loader,10.87,99.28,1079.17,False,True,synthetic_generator_v1
P.S. / I.S. 270 - QUEENS,2024-05-25,excavator,12.58,175.21,2204.14,False,True,synthetic_generator_v1
P.S. / I.S. 270 - QUEENS,2024-04-23,bulldozer,9.45,172.68,1631.83,False,True,synthetic_generator_v1
P.S. / I.S. 270 - QUEENS,2024-03-30,dump_truck,3.06,89.89,275.06,False,True,synthetic_generator_v1
P.S. / I.S. 270 - QUEENS,2024-10-17,bulldozer,16.96,115.43,1957.69,False,True,synthetic_generator_v1
P.S. / I.S. 270 - QUEENS,2024-02-06,excavator,25.69,171.25,4399.41,False,True,synthetic_generator_v1
P.S. / I.S. 270 - QUEENS,2024-11-25,excavator,14.0,155.8,2181.2,False,True,synthetic_generator_v1
P.S. 128 - BROOKLYN,2024-02-18,loader,4.24,99.62,422.39,False,True,synthetic_generator_v1
P.S. 128 - BROOKLYN,2024-06-22,crane,5.67,543.63,3082.38,False,True,synthetic_generator_v1
P.S. 128 - BROOKLYN,2024-12-24,dump_truck,8.37,131.81,1103.25,False,True,synthetic_generator_v1
P.S. 128 - BROOKLYN,2024-03-20,dump_truck,4.18,127.79,534.16,False,True,synthetic_generator_v1
P.S. 128 - BROOKLYN,2024-03-29,dump_truck,3.17,93.73,297.12,False,True,synthetic_generator_v1
P.S. 128 - BROOKLYN,2024-02-19,dump_truck,26.64,83.87,2234.3,False,True,synthetic_generator_v1
P.S. 128 - BROOKLYN,2024-09-01,crane,11.5,464.13,5337.49,False,True,synthetic_generator_v1
P.S. 128 - BROOKLYN,2024-03-06,crane,6.54,440.58,2881.39,False,True,synthetic_generator_v1
P.S. 128 - BROOKLYN,2024-01-31,bulldozer,11.99,181.02,2170.43,False,True,synthetic_generator_v1
P.S. 128 - BROOKLYN,2024-03-08,dump_truck,9.92,118.62,1176.71,False,True,synthetic_generator_v1
P.S. 128 - BROOKLYN,2024-07-03,dump_truck,2.27,76.58,173.84,False,True,synthetic_generator_v1
P.S. 128 - BROOKLYN,2024-11-17,excavator,3.33,131.48,437.83,False,True,synthetic_generator_v1
P.S. 128 - BROOKLYN,2024-01-26,bulldozer,17.89,121.08,2166.12,False,True,synthetic_generator_v1
BOYS & GIRLS HS - BROOKLYN,2024-09-27,loader,13.7,125.21,1715.38,False,True,synthetic_generator_v1
BOYS & GIRLS HS - BROOKLYN,2024-05-16,bulldozer,15.59,134.45,2096.08,False,True,synthetic_generator_v1
BOYS & GIRLS HS - BROOKLYN,2024-12-11,bulldozer,5.0,142.95,714.75,False,True,synthetic_generator_v1
BOYS & GIRLS HS - BROOKLYN,2024-07-24,dump_truck,3.49,132.45,462.25,False,True,synthetic_generator_v1
BOYS & GIRLS HS - BROOKLYN,2024-11-21,bulldozer,6.91,177.87,1229.08,False,True,synthetic_generator_v1
BOYS & GIRLS HS - BROOKLYN,2024-05-02,loader,0.72,157.72,113.56,False,True,synthetic_generator_v1
BOYS & GIRLS HS - BROOKLYN,2024-10-31,dump_truck,13.06,97.79,1277.14,False,True,synthetic_generator_v1
BOYS & GIRLS HS - BROOKLYN,2024-08-08,crane,9.95,453.12,4508.54,False,True,synthetic_generator_v1
BOYS & GIRLS HS - BROOKLYN,2024-01-12,dump_truck,4.18,115.77,483.92,True,True,synthetic_generator_v1
BOYS & GIRLS HS - BROOKLYN,2024-06-19,dump_truck,12.43,80.99,1006.71,False,True,synthetic_generator_v1
BOYS & GIRLS HS - BROOKLYN,2024-07-23,dump_truck,3.09,84.13,259.96,False,True,synthetic_generator_v1
BOYS & GIRLS HS - BROOKLYN,2024-07-09,dump_truck,1.52,101.46,154.22,False,True,synthetic_generator_v1
BOYS & GIRLS HS - BROOKLYN,2024-05-02,excavator,11.1,160.79,1784.77,False,True,synthetic_generator_v1
I.S. 109 - QUEENS,2024-05-27,bulldozer,13.89,168.61,2341.99,False,True,synthetic_generator_v1
I.S. 109 - QUEENS,2024-04-23,bulldozer,4.29,121.59,521.62,False,True,synthetic_generator_v1
I.S. 109 - QUEENS,2024-08-06,excavator,15.87,162.26,2575.07,False,True,synthetic_generator_v1
I.S. 109 - QUEENS,2024-01-26,dump_truck,5.52,131.64,726.65,True,True,synthetic_generator_v1
I.S. 109 - QUEENS,2024-04-05,loader,5.52,104.7,577.94,False,True,synthetic_generator_v1
I.S. 109 - QUEENS,2024-03-22,crane,3.28,514.34,1687.04,False,True,synthetic_generator_v1
I.S. 109 - QUEENS,2024-09-08,excavator,8.54,178.03,1520.38,False,True,synthetic_generator_v1
I.S. 109 - QUEENS,2024-10-10,crane,9.55,667.88,6378.25,False,True,synthetic_generator_v1
I.S. 109 - QUEENS,2024-10-13,crane,0.89,547.9,487.63,False,True,synthetic_generator_v1
I.S. 109 - QUEENS,2024-11-18,loader,14.32,162.46,2326.43,False,True,synthetic_generator_v1
I.S. 109 - QUEENS,2024-09-30,bulldozer,8.17,129.3,1056.38,False,True,synthetic_generator_v1
I.S. 109 - QUEENS,2024-03-08,crane,3.47,462.95,1606.44,False,True,synthetic_generator_v1
I.S. 109 - QUEENS,2024-04-20,crane,9.49,613.62,5823.25,True,True,synthetic_generator_v1
INNOVATION DIPLOMA PLUS,2024-04-03,crane,6.89,437.41,3013.75,True,True,synthetic_generator_v1
INNOVATION DIPLOMA PLUS,2024-03-02,dump_truck,20.44,120.15,2455.87,False,True,synthetic_generator_v1
INNOVATION DIPLOMA PLUS,2024-07-12,bulldozer,12.98,181.47,2355.48,False,True,synthetic_generator_v1
INNOVATION DIPLOMA PLUS,2024-08-21,bulldozer,7.0,104.09,728.63,False,True,synthetic_generator_v1
INNOVATION DIPLOMA PLUS,2024-10-14,loader,8.08,124.49,1005.88,False,True,synthetic_generator_v1
INNOVATION DIPLOMA PLUS,2024-12-06,loader,1.22,128.24,156.45,False,True,synthetic_generator_v1
INNOVATION DIPLOMA PLUS,2024-06-07,excavator,6.65,157.78,1049.24,False,True,synthetic_generator_v1
INNOVATION DIPLOMA PLUS,2024-06-26,loader,5.74,157.77,905.6,True,True,synthetic_generator_v1
INNOVATION DIPLOMA PLUS,2024-07-27,crane,4.55,505.9,2301.84,False,True,synthetic_generator_v1
INNOVATION DIPLOMA PLUS,2024-08-28,crane,19.25,692.52,13331.01,False,True,synthetic_generator_v1
INNOVATION DIPLOMA PLUS,2024-11-11,crane,9.57,688.87,6592.49,False,True,synthetic_generator_v1
INNOVATION DIPLOMA PLUS,2024-02-26,dump_truck,3.95,115.67,456.9,False,True,synthetic_generator_v1
INNOVATION DIPLOMA PLUS,2024-04-15,excavator,2.98,182.52,543.91,False,True,synthetic_generator_v1
P.S. 31 - STATEN ISLAND,2024-04-16,excavator,12.27,160.57,1970.19,False,True,synthetic_generator_v1
P.S. 31 - STATEN ISLAND,2024-09-15,loader,7.18,152.26,1093.23,False,True,synthetic_generator_v1
P.S. 31 - STATEN ISLAND,2024-01-15,excavator,10.81,205.46,2221.02,False,True,synthetic_generator_v1
P.S. 31 - STATEN ISLAND,2024-12-28,crane,0.95,570.72,542.18,False,True,synthetic_generator_v1
P.S. 31 - STATEN ISLAND,2024-10-25,excavator,14.78,128.07,1892.87,False,True,synthetic_generator_v1
P.S. 31 - STATEN ISLAND,2024-09-06,loader,18.36,160.03,2938.15,False,True,synthetic_generator_v1
P.S. 31 - STATEN ISLAND,2024-05-14,crane,13.28,652.44,8664.4,False,True,synthetic_generator_v1
P.S. 31 - STATEN ISLAND,2024-04-26,dump_truck,6.22,121.25,754.17,False,True,synthetic_generator_v1
P.S. 31 - STATEN ISLAND,2024-01-25,crane,11.88,683.3,8117.6,False,True,synthetic_generator_v1
P.S. 31 - STATEN ISLAND,2024-06-22,crane,15.21,534.54,8130.35,False,True,synthetic_generator_v1
P.S. 31 - STATEN ISLAND,2024-03-22,crane,9.44,446.0,4210.24,False,True,synthetic_generator_v1
P.S. 31 - STATEN ISLAND,2024-01-05,crane,15.74,404.87,6372.65,False,True,synthetic_generator_v1
P.S. 31 - STATEN ISLAND,2024-10-20,excavator,10.03,140.67,1410.92,False,True,synthetic_generator_v1
THE FLUSHING INTERNATIONAL HS - Q,2024-04-10,crane,6.06,692.85,4198.67,False,True,synthetic_generator_v1
THE FLUSHING INTERNATIONAL HS - Q,2024-08-14,excavator,1.33,164.92,219.34,False,True,synthetic_generator_v1
THE FLUSHING INTERNATIONAL HS - Q,2024-06-18,excavator,20.93,144.39,3022.08,True,True,synthetic_generator_v1
THE FLUSHING INTERNATIONAL HS - Q,2024-03-26,excavator,13.54,153.98,2084.89,False,True,synthetic_generator_v1
THE FLUSHING INTERNATIONAL HS - Q,2024-06-27,excavator,3.0,175.09,525.27,False,True,synthetic_generator_v1
THE FLUSHING INTERNATIONAL HS - Q,2024-04-07,loader,5.69,161.07,916.49,False,True,synthetic_generator_v1
THE FLUSHING INTERNATIONAL HS - Q,2024-11-20,crane,6.72,447.99,3010.49,False,True,synthetic_generator_v1
THE FLUSHING INTERNATIONAL HS - Q,2024-06-11,loader,7.04,162.33,1142.8,False,True,synthetic_generator_v1
THE FLUSHING INTERNATIONAL HS - Q,2024-03-28,crane,11.59,673.61,7807.14,False,True,synthetic_generator_v1
THE FLUSHING INTERNATIONAL HS - Q,2024-01-09,loader,13.57,135.08,1833.04,False,True,synthetic_generator_v1
THE FLUSHING INTERNATIONAL HS - Q,2024-11-05,crane,10.42,408.33,4254.8,False,True,synthetic_generator_v1
THE FLUSHING INTERNATIONAL HS - Q,2024-03-21,crane,3.16,496.77,1569.79,False,True,synthetic_generator_v1
THE FLUSHING INTERNATIONAL HS - Q,2024-07-29,crane,4.31,412.61,1778.35,False,True,synthetic_generator_v1
FORT HAMILTON HS - K,2024-10-16,dump_truck,14.6,106.44,1554.02,False,True,synthetic_generator_v1
FORT HAMILTON HS - K,2024-08-22,loader,9.85,163.22,1607.72,False,True,synthetic_generator_v1
FORT HAMILTON HS - K,2024-03-31,dump_truck,11.94,125.71,1500.98,False,True,synthetic_generator_v1
FORT HAMILTON HS - K,2024-07-16,crane,6.26,464.35,2906.83,False,True,synthetic_generator_v1
FORT HAMILTON HS - K,2024-02-12,dump_truck,4.47,111.97,500.51,False,True,synthetic_generator_v1
FORT HAMILTON HS - K,2024-07-25,crane,9.87,519.29,5125.39,False,True,synthetic_generator_v1
FORT HAMILTON HS - K,2024-08-10,dump_truck,1.83,76.05,139.17,False,True,synthetic_generator_v1
FORT HAMILTON HS - K,2024-03-20,dump_truck,19.55,121.09,2367.31,False,True,synthetic_generator_v1
FORT HAMILTON HS - K,2024-04-25,dump_truck,13.39,124.4,1665.72,False,True,synthetic_generator_v1
FORT HAMILTON HS - K,2024-04-24,bulldozer,16.28,174.02,2833.05,False,True,synthetic_generator_v1
FORT HAMILTON HS - K,2024-11-03,excavator,1.49,204.41,304.57,False,True,synthetic_generator_v1
FORT HAMILTON HS - K,2024-12-24,excavator,5.24,156.55,820.32,False,True,synthetic_generator_v1
FORT HAMILTON HS - K,2024-09-09,loader,8.47,150.4,1273.89,False,True,synthetic_generator_v1
P.S. 152 - MANHATTAN,2024-01-07,excavator,22.88,120.06,2746.97,True,True,synthetic_generator_v1
P.S. 152 - MANHATTAN,2024-06-25,loader,7.0,138.64,970.48,False,True,synthetic_generator_v1
P.S. 152 - MANHATTAN,2024-11-01,bulldozer,2.61,154.31,402.75,True,True,synthetic_generator_v1
P.S. 152 - MANHATTAN,2024-07-02,loader,3.79,151.24,573.2,False,True,synthetic_generator_v1
P.S. 152 - MANHATTAN,2024-08-12,dump_truck,16.36,113.9,1863.4,False,True,synthetic_generator_v1
P.S. 152 - MANHATTAN,2024-05-30,loader,4.02,150.8,606.22,False,True,synthetic_generator_v1
P.S. 152 - MANHATTAN,2024-01-10,excavator,7.32,167.77,1228.08,False,True,synthetic_generator_v1
P.S. 152 - MANHATTAN,2024-11-25,excavator,17.58,138.36,2432.37,False,True,synthetic_generator_v1
P.S. 152 - MANHATTAN,2024-12-18,excavator,8.7,124.28,1081.24,False,True,synthetic_generator_v1
P.S. 152 - MANHATTAN,2024-05-31,bulldozer,12.3,150.91,1856.19,False,True,synthetic_generator_v1
P.S. 152 - MANHATTAN,2024-07-20,loader,4.6,115.75,532.45,False,True,synthetic_generator_v1
P.S. 152 - MANHATTAN,2024-08-04,dump_truck,13.12,128.24,1682.51,False,True,synthetic_generator_v1
P.S. 152 - MANHATTAN,2024-01-20,loader,1.84,106.21,195.43,False,True,synthetic_generator_v1
P.S. 109 - BROOKLYN,2024-04-18,bulldozer,5.29,166.85,882.64,False,True,synthetic_generator_v1
P.S. 109 - BROOKLYN,2024-02-21,dump_truck,3.6,108.18,389.45,False,True,synthetic_generator_v1
P.S. 109 - BROOKLYN,2024-08-05,loader,8.96,123.47,1106.29,False,True,synthetic_generator_v1
P.S. 109 - BROOKLYN,2024-09-02,loader,12.49,149.45,1866.63,False,True,synthetic_generator_v1
P.S. 109 - BROOKLYN,2024-10-30,loader,4.01,118.35,474.58,False,True,synthetic_generator_v1
P.S. 109 - BROOKLYN,2024-07-21,crane,4.94,576.3,2846.92,False,True,synthetic_generator_v1
P.S. 109 - BROOKLYN,2024-07-11,loader,5.19,99.79,517.91,False,True,synthetic_generator_v1
P.S. 109 - BROOKLYN,2024-10-26,excavator,23.85,182.05,4341.89,False,True,synthetic_generator_v1
P.S. 109 - BROOKLYN,2024-09-29,dump_truck,3.12,108.91,339.8,False,True,synthetic_generator_v1
P.S. 109 - BROOKLYN,2024-04-29,bulldozer,3.45,116.77,402.86,False,True,synthetic_generator_v1
P.S. 109 - BROOKLYN,2024-10-03,dump_truck,2.69,127.56,343.14,False,True,synthetic_generator_v1
P.S. 109 - BROOKLYN,2024-05-30,loader,11.73,115.94,1359.98,False,True,synthetic_generator_v1
P.S. 109 - BROOKLYN,2024-09-21,bulldozer,8.36,169.47,1416.77,False,True,synthetic_generator_v1
P.S. 199 - QUEENS,2024-05-06,excavator,21.34,178.56,3810.47,False,True,synthetic_generator_v1
P.S. 199 - QUEENS,2024-07-11,crane,3.43,507.12,1739.42,False,True,synthetic_generator_v1
P.S. 199 - QUEENS,2024-02-29,excavator,1.24,154.18,191.18,False,True,synthetic_generator_v1
P.S. 199 - QUEENS,2024-12-13,dump_truck,10.64,104.96,1116.77,False,True,synthetic_generator_v1
P.S. 199 - QUEENS,2024-09-05,crane,7.63,537.08,4097.92,False,True,synthetic_generator_v1
P.S. 199 - QUEENS,2024-10-05,dump_truck,6.52,97.56,636.09,True,True,synthetic_generator_v1
P.S. 199 - QUEENS,2024-05-07,bulldozer,12.93,117.81,1523.28,False,True,synthetic_generator_v1
P.S. 199 - QUEENS,2024-05-10,bulldozer,17.85,136.15,2430.28,True,True,synthetic_generator_v1
P.S. 199 - QUEENS,2024-02-23,dump_truck,11.73,132.95,1559.5,False,True,synthetic_generator_v1
P.S. 199 - QUEENS,2024-06-14,crane,2.74,590.44,1617.81,False,True,synthetic_generator_v1
P.S. 199 - QUEENS,2024-05-15,excavator,20.48,207.78,4255.33,False,True,synthetic_generator_v1
P.S. 199 - QUEENS,2024-01-20,crane,1.61,440.61,709.38,False,True,synthetic_generator_v1
P.S. 199 - QUEENS,2024-01-05,bulldozer,3.3,115.13,379.93,False,True,synthetic_generator_v1
P.S. 205 - QUEENS,2024-06-05,loader,2.89,123.47,356.83,False,True,synthetic_generator_v1
P.S. 205 - QUEENS,2024-01-07,crane,5.91,563.85,3332.35,False,True,synthetic_generator_v1
P.S. 205 - QUEENS,2024-11-30,crane,23.81,633.71,15088.64,True,True,synthetic_generator_v1
P.S. 205 - QUEENS,2024-06-20,crane,12.87,517.28,6657.39,False,True,synthetic_generator_v1
P.S. 205 - QUEENS,2024-03-10,excavator,1.73,206.26,356.83,False,True,synthetic_generator_v1
P.S. 205 - QUEENS,2024-01-06,bulldozer,4.21,140.26,590.49,False,True,synthetic_generator_v1
P.S. 205 - QUEENS,2024-01-16,excavator,11.43,150.02,1714.73,False,True,synthetic_generator_v1
P.S. 205 - QUEENS,2024-01-07,excavator,9.88,191.87,1895.68,False,True,synthetic_generator_v1
P.S. 205 - QUEENS,2024-08-24,excavator,11.65,178.89,2084.07,False,True,synthetic_generator_v1
P.S. 205 - QUEENS,2024-02-17,excavator,19.4,138.38,2684.57,False,True,synthetic_generator_v1
P.S. 205 - QUEENS,2024-10-16,excavator,6.12,126.8,776.02,False,True,synthetic_generator_v1
P.S. 205 - QUEENS,2024-03-13,crane,3.54,435.99,1543.4,False,True,synthetic_generator_v1
P.S. 205 - QUEENS,2024-05-09,bulldozer,15.12,125.79,1901.94,False,True,synthetic_generator_v1
P.S. 128 - BROOKLYN,2024-01-11,excavator,3.85,169.37,652.07,False,True,synthetic_generator_v1
P.S. 128 - BROOKLYN,2024-05-29,loader,4.78,140.08,669.58,True,True,synthetic_generator_v1
P.S. 128 - BROOKLYN,2024-09-23,dump_truck,9.6,119.78,1149.89,False,True,synthetic_generator_v1
P.S. 128 - BROOKLYN,2024-02-16,excavator,6.39,120.24,768.33,False,True,synthetic_generator_v1
P.S. 128 - BROOKLYN,2024-02-17,loader,14.67,136.88,2008.03,False,True,synthetic_generator_v1
P.S. 128 - BROOKLYN,2024-03-18,crane,12.51,680.15,8508.68,False,True,synthetic_generator_v1
P.S. 128 - BROOKLYN,2024-10-24,dump_truck,13.66,129.87,1774.02,False,True,synthetic_generator_v1
P.S. 128 - BROOKLYN,2024-08-23,dump_truck,7.53,121.32,913.54,False,True,synthetic_generator_v1
P.S. 128 - BROOKLYN,2024-10-05,excavator,6.8,204.85,1392.98,False,True,synthetic_generator_v1
P.S. 128 - BROOKLYN,2024-10-07,loader,0.63,113.64,71.59,False,True,synthetic_generator_v1
P.S. 128 - BROOKLYN,2024-11-01,dump_truck,7.27,105.36,765.97,False,True,synthetic_generator_v1
P.S. 128 - BROOKLYN,2024-05-07,loader,9.15,156.12,1428.5,False,True,synthetic_generator_v1
P.S. 128 - BROOKLYN,2024-02-12,excavator,8.95,167.11,1495.63,False,True,synthetic_generator_v1
P.S. 226 - BRONX,2024-07-28,dump_truck,15.74,119.14,1875.26,False,True,synthetic_generator_v1
P.S. 226 - BRONX,2024-03-05,loader,23.09,144.11,3327.5,False,True,synthetic_generator_v1
P.S. 226 - BRONX,2024-08-19,excavator,9.98,183.32,1829.53,False,True,synthetic_generator_v1
P.S. 226 - BRONX,2024-06-28,loader,5.59,164.59,920.06,False,True,synthetic_generator_v1
P.S. 226 - BRONX,2024-05-21,excavator,17.23,159.77,2752.84,False,True,synthetic_generator_v1
P.S. 226 - BRONX,2024-10-06,loader,3.48,132.77,462.04,False,True,synthetic_generator_v1
P.S. 226 - BRONX,2024-11-15,bulldozer,9.35,155.67,1455.51,False,True,synthetic_generator_v1
P.S. 226 - BRONX,2024-11-23,crane,9.01,508.48,4581.4,True,True,synthetic_generator_v1
P.S. 226 - BRONX,2024-02-25,dump_truck,3.1,132.63,411.15,False,True,synthetic_generator_v1
P.S. 226 - BRONX,2024-03-05,crane,16.26,493.96,8031.79,False,True,synthetic_generator_v1
P.S. 226 - BRONX,2024-04-17,bulldozer,18.65,172.54,3217.87,False,True,synthetic_generator_v1
P.S. 226 - BRONX,2024-10-07,crane,10.76,684.24,7362.42,False,True,synthetic_generator_v1
P.S. 226 - BRONX,2024-06-21,loader,12.54,150.09,1882.13,False,True,synthetic_generator_v1
P.S. 279 - BROOKLYN,2024-01-21,loader,4.46,159.24,710.21,False,True,synthetic_generator_v1
P.S. 279 - BROOKLYN,2024-02-24,excavator,9.22,121.34,1118.75,False,True,synthetic_generator_v1
P.S. 279 - BROOKLYN,2024-10-08,bulldozer,12.49,165.18,2063.1,False,True,synthetic_generator_v1
P.S. 279 - BROOKLYN,2024-09-13,excavator,18.06,180.22,3254.77,False,True,synthetic_generator_v1
P.S. 279 - BROOKLYN,2024-03-10,crane,7.57,662.9,5018.15,False,True,synthetic_generator_v1
P.S. 279 - BROOKLYN,2024-03-24,excavator,4.78,209.4,1000.93,False,True,synthetic_generator_v1
P.S. 279 - BROOKLYN,2024-07-14,dump_truck,7.91,96.09,760.07,False,True,synthetic_generator_v1
P.S. 279 - BROOKLYN,2024-07-22,loader,20.76,145.12,3012.69,False,True,synthetic_generator_v1
P.S. 279 - BROOKLYN,2024-08-11,dump_truck,8.29,115.34,956.17,False,True,synthetic_generator_v1
P.S. 279 - BROOKLYN,2024-07-05,crane,8.78,434.63,3816.05,False,True,synthetic_generator_v1
P.S. 279 - BROOKLYN,2024-06-01,crane,7.93,516.52,4096.0,True,True,synthetic_generator_v1
P.S. 279 - BROOKLYN,2024-01-05,crane,7.3,682.31,4980.86,False,True,synthetic_generator_v1
P.S. 279 - BROOKLYN,2024-09-24,bulldozer,8.83,173.64,1533.24,False,True,synthetic_generator_v1
